11110111,Qi Haizhen,18903816077,29,Female
11110209,Jiang Weian,13898155043,29,Male
11110226,Jing Shiyi,15073848489,29,Male
11110306,You Qicheng,15640275929,29,Male
11110313,Tommy Davies,13965685007,29,Male
11110319,Clare Harris,15022058632,29,Male
11110321,Olive Taylor,18904349852,29,Female
11110325,Xu Shiyun,13990824090,29,Female
11110405,Ollie Patel,18943805369,29,Male
11110407,Yu Chutai,13928637245,29,Male
11110410,Yu Ruichen,15653633429,29,Male
11110502,Jiang Yibo,15053833226,29,Female
11110611,Jackie Taylor,15037461347,29,Female
11110624,Li Bingzhi,18630558721,29,Male
11110711,Phoebe White,13867433379,29,Female
11110725,Juliana Harris,18980805234,29,Female
11110802,Feng Jingping,13892932966,29,Female
11110816,Yang Jingjie,18695883703,29,Male
11110916,Reg Johnson,18685857534,29,Male
11110923,Xu Ruichen,13821706846,29,Male
11111024,He Leshuang,13950610498,29,Female
11111028,Jing Ziyu,15695243997,29,Male
11111113,Tricia Lewis,15644251290,29,Female
11111115,Evelyn Edwards,15698087021,29,Female
11111203,Zhu Yiye,18989797324,29,Male
11111206,Yang Baitao,15660272878,29,Female
11111217,Pete Evans,15011038308,29,Male
11111304,Sean Jones,15079603202,29,Male
11111311,Zhang Zhaoyu,13998207774,29,Male
11111424,Tao Shuxuan,15085116120,29,Female
11111429,Yang Youling,18600332576,29,Female
11111510,Julian Wilson,15071361392,29,Male
11111605,Lenny Jackson,13941316848,29,Male
11111609,Bai Ermei,18673422309,29,Female
11111618,Jiang Qicheng,18613460353,29,Male
11111624,Li Benqing,13889199951,29,Male
11111703,Xu Honglin,13902792173,29,Male
11111715,Chu Shengxiang,13968713358,29,Male
11111727,Wang Qimei,13860021464,29,Female
11111801,Shui Mengbai,18966070898,29,Female
11111829,Dou Yunshuo,15005616385,29,Male
11111906,Xu Dongqing,18906327698,29,Female
11112003,Jill Thomas,13821451983,29,Female
11112015,Sandra Williams,18603309373,29,Female
11112029,Phyllis Evans,18685322740,29,Female
11112106,Gene Wright,15610458103,29,Male
11112116,Li Linglian,13834907428,29,Female
11112126,Wang Nuobo,18986871484,29,Male
11112200,Qi Hanxiang,18911319405,29,Male
11112206,Sal Edwards,18983513679,29,Female
11112214,Lv Jiamin,18605231640,29,Male
11112222,Yan Chilv,18915653755,29,Female
11112303,Shi Wenming,15079523863,29,Male
11112312,Shui Zhuyu,13866763281,29,Male
11112316,Milton Hall,15090666285,29,Male
11112317,Chen Ziquan,18900813304,29,Male
11112326,Steven Taylor,13838231084,29,Male
11112406,Qian Junqin,15621313057,29,Male
11112415,Eva Harris,18964807274,29,Female
11112416,Jesse Johnson,15031069354,29,Male
11112503,Hua Siyu,13844751765,29,Male
11112504,Dermot Lewis,15602715703,29,Male
11112514,Martina Clarke,15049305906,29,Female
11112520,Catherine Clarke,13884191170,29,Female
11112523,Qi Zhuyu,13994163061,29,Male
11112606,Wei Yanhong,13880795819,29,Male
11112607,Wu Jianxi,18913537836,29,Male
11112611,Xu Yuanhong,13839324198,29,Male
11112709,Tina Hall,15051134968,29,Female
11112716,Yang  zixue,15664059213,29,Female
11112718,Joanne White,15696020889,29,Female
11112809,Brian Patel,13991503837,29,Male
11112822,Aggie Smith,13890821768,29,Female
11112908,Vivian Clarke,18974833067,29,Male
11112911,Ted White,13872798954,29,Male
11112918,Marilyn Harris,15648043188,29,Female
11112919,Qi Yousong,13983180228,29,Female
11112928,Bai Muhua,13848283803,29,Male
11210008,Archibald Thompson,15003945587,28,Male
11210010,Vicky Hall,13957748858,28,Female
11210011,Feng Chutai,13909557872,28,Male
11210013,Hua Zhaoyu,15699277820,28,Male
11210026,Caesar Roberts,15051773106,28,Male
11210028,Shen Qizhen,18687812134,28,Female
11210120,Vivian Brown,13987264599,28,Male
11210204,Zou Haozhen,18613342990,28,Male
11210219,Tao Zhiyong,13955068968,28,Male
11210225,Bai Rusi,15080012926,28,Female
11210307,Wang Mucheng,15068585157,28,Male
11210312,Zhu Honglin,13825820064,28,Male
11210316,He Huaibai,18615409124,28,Female
11210406,Zou Biyan,15066512800,28,Female
11210413,Murray Davies,15065481837,28,Male
11210418,Yang Penglong,18690429590,28,Male
11210423,Diana Robinson,13995890033,28,Female
11210425,Sara Patel,15029521800,28,Female
11210503,Dou Lingzhi,18913957932,28,Female
11210506,Adelina Taylor,18698722990,28,Female
11210512,Hua Erqiu,15628052977,28,Female
11210513,Shen Mingliang,18685251708,28,Male
11210514,Dermot Robinson,18650644724,28,Male
11210524,Jiang Rusi,18668906200,28,Female
11210611,He Yukun,18967603677,28,Male
11210622,Samuel Johnson,15636249914,28,Male
11210628,Shi Runyi,13911676010,28,Male
11210706,Qi Jiabin,13883890984,28,Male
11210708,Yan Xiangheng,13927999733,28,Male
11210712,Daisy Edwards,15011121420,28,Female
11210713,Brittany White,13899633547,28,Female
11210724,Tao Chengjun,15034757254,28,Male
11210906,Salome Patel,13969020238,28,Female
11210909,Qing Qizheng,15052254763,28,Male
11210921,Hua Yizhen,18687747201,28,Female
11210923,Dou Wanzhi,15098913299,28,Female
11210925,Dou Yansen,18909134675,28,Male
11210928,Jing Nianlan,18664669055,28,Female
11211002,Lisa Smith,18924197525,28,Female
11211004,Zhu Weian,15694244602,28,Male
11211012,Wu Ruyu,15033727825,28,Male
11211015,Feng Yishan,15050103259,28,Female
11211016,Theodoric Hughes,13863625889,28,Male
11211017,Mildred Wright,13933700776,28,Female
11211029,Xu Fanrui,18676986941,28,Male
11211116,Oliver Wilson,15014605907,28,Male
11211202,Tao Yihan,13882601885,28,Female
11211210,Winifred Roberts,13950258526,28,Female
11211217,Deirdre Evans,15033852161,28,Female
11211219,Chen Yuanxiang,15639968841,28,Male
11211302,Rosalyn Jones,13905966109,28,Female
11211305,Gillian Jones,18651860969,28,Female
11211323,Anne Davies,18946670873,28,Female
11211414,Tel Hughes,15671223228,28,Male
11211418,Bai Dongtao,13859120738,28,Female
11211422,Chen Ziyan,13985564910,28,Male
11211428,Dan Thomas,15698372907,28,Male
11211429,Bonny Robinson,13888867967,28,Female
11211501,Ivy Walker,13833189147,28,Female
11211510,Nicole Taylor,15605395407,28,Female
11211517,Jiang Wenyin,18670171493,28,Male
11211527,Judith Edwards,15025870700,28,Female
11211610,Kirk Roberts,18666463748,28,Male
11211615,He Banxiang,18924078589,28,Female
11211620,Jackie Thomas,15039530124,28,Female
11211708,Qi Erqing,18957695206,28,Female
11211721,Auberon Robinson,15051381078,28,Male
11211813,Yan Chunan,18603989796,28,Male
11211902,Xie Jiafu,18680749663,28,Male
11211904,Yu Shuzhen,15002712259,28,Female
11211915,Sun Shizhen,13871926181,28,Female
11212008,Rosalind Harris,13821309686,28,Female
11212012,Maureen Davies,18621719561,28,Female
11212015,He Ruixun,13864072467,28,Male
11212025,Lv Xinyue,13928101294,28,Male
11212119,Zhou Zhongxiao,18640776921,28,Male
11212120,Lou White,15622710919,28,Male
11212200,Nicholas Hughes,18675499803,28,Male
11212203,You Qiaoqing,13956614701,28,Female
11212212,Yang Bisong,15660871829,28,Female
11212217,Lv Shunhang,18986869520,28,Male
11212228,June Hall,18971216787,28,Female
11212510,Mary Wilson,18626102534,28,Female
11212524,Joe Jackson,13981892390,28,Male
11212621,Rosalie Evans,13889409221,28,Female
11212711,Jeffrey Robinson,18658605272,28,Male
11212719,Zhou Yishuang,15061565341,28,Female
11212724,Naomi Lewis,15632679243,28,Female
11212815,Tao Jiaji,15691425098,28,Male
11212823,Judy Wilson,15089757539,28,Female
11310009,Felicity Roberts,18622474204,27,Female
11310020,Lucinda Harris,13834613733,27,Female
11310103,Frank Jackson,13816321884,27,Male
11310110,Bridget Patel,18943199652,27,Female
11310127,Cathy Edwards,13965664105,27,Female
11310212,Molly Wilson,13867191407,27,Female
11310220,Zhu Yuanchun,13927562806,27,Female
11310224,Geraint Walker,15011638613,27,Male
11310305,Floyd Green,13931236054,27,Male
11310313,Octavius Davies,15037128173,27,Male
11310324,Audrey Evans,13867209171,27,Female
11310409,Xie Jiashuai,13831725621,27,Male
11310425,Jiang Hanxuan,18629063473,27,Female
11310514,Wei Ruichen,13959351161,27,Male
11310607,Chen Haoyan,13870705830,27,Male
11310620,Lv Wanzhi,18940947434,27,Female
11310703,Susanna Taylor,15669197323,27,Female
11310711,Qing Chumei,13830026419,27,Female
11310719,Han Changfei,13986084233,27,Male
11310722,Qian Bochang,18912693787,27,Male
11310827,You Taian,18936275779,27,Male
11310829,Bob Lewis,13947319351,27,Male
11310908,Yan Rongchun,13844681925,27,Male
11310914,Noah Harris,13935818451,27,Male
11310924,Yan Zicheng,13965241362,27,Male
11310927,Toni Clarke,15073675791,27,Female
11311011,Shi Congde,18907982518,27,Male
11311024,Kong Yibo,15038403217,27,Female
11311028,Wei Runbin,15633980855,27,Male
11311100,Jode Evans,15015836603,27,Female
11311108,You Hanfeng,13902596073,27,Female
11311115,Chu Linchuan,15080256415,27,Male
11311215,Yu Youcui,18603731574,27,Female
11311223,Wang Lisheng,13947865508,27,Male
11311229,Charlotte Davies,13949976177,27,Female
11311306,Han Haizhen,13821047811,27,Female
11311313,Wei Shiyi,13886365952,27,Male
11311326,Yang Feining,13829954971,27,Female
11311405,Alden Williams,15624803627,27,Male
11311510,Zhu Rufeng,15010716872,27,Female
11311524,Feng Erhan,15611561542,27,Female
11311615,Marshall Hall,15004010251,27,Male
11311619,Allen Walker,13971923563,27,Male
11311624,Gaston Harris,15638575006,27,Male
11311700,Brian Brown,15009690461,27,Male
11311712,Roger White,15657072117,27,Male
11311817,Miriam Evans,15609201594,27,Female
11311818,Yang Manyun,18946478788,27,Female
11311901,Alistair Walker,15066175538,27,Male
11311902,Christian Wright,13840211082,27,Male
11311904,Wang Jiayu,15005896783,27,Male
11311906,Tessa White,13963976928,27,Female
11311914,Lv Yunzhi,15086743807,27,Male
11311921,Mary Clarke,15017977858,27,Female
11312003,Malcolm Edwards,13915906463,27,Male
11312022,Lindsay Taylor,13885244346,27,Female
11312100,Shi Tingping,18917395106,27,Female
11312106,Tao Yixuan,15668442761,27,Male
11312113,Lv Jianrong,18941514162,27,Male
11312223,Hua Zhuodong,18634713970,27,Male
11312229,Craig Thompson,15002945019,27,Male
11312304,Willy Patel,15622520990,27,Male
11312409,Salome Robinson,13866772753,27,Female
11312426,Gareth Thomas,15064627892,27,Male
11312521,Alistair Lewis,13891971811,27,Male
11312522,Qian Yaxia,15007334154,27,Female
11312609,You Dongsi,18955639487,27,Female
11312700,You Shengjian,15063264518,27,Male
11312723,Craig Jackson,15643684197,27,Male
11312809,Zou Panlei,15097673852,27,Female
11312823,Zhou Yaokun,15694798702,27,Male
11312828,Camilla Smith,13966547841,27,Female
11312922,Florence Walker,18654131115,27,Female
11410003,Wei Shengjian,15093350281,26,Male
11410007,Xu Nuobo,18691284519,26,Male
11410014,Jeanie Evans,15698201024,26,Female
11410027,Kong Maoan,13864597380,26,Male
11410100,Gavin Thomas,13945479844,26,Male
11410101,Wu Yuyang,15635108537,26,Female
11410104,Zou Muxue,18658582425,26,Female
11410106,Zhang Rongchun,13876049145,26,Male
11410122,Chu Runyi,18665857267,26,Male
11410203,Theobald Thompson,18628061981,26,Male
11410208,He Pengxiao,13992952835,26,Male
11410213,Janey Jackson,13985048926,26,Female
11410214,Saul Thompson,13815670484,26,Male
11410306,Zhao Rongchun,15074922863,26,Male
11410308,Chen Jiabin,15052390956,26,Male
11410311,Martha Clarke,18616903538,26,Female
11410313,Jing Binzhu,13934274717,26,Male
11410318,Qi Ruize,18669476121,26,Male
11410326,Liu Jinquan,18687089220,26,Male
11410404,Joanne Taylor,18929478204,26,Female
11410411,Qian Jishan,13956678456,26,Female
11410413,Leila Smith,13844258588,26,Female
11410421,Zhou Hanling,13994010802,26,Female
11410502,Victor Lewis,18937004621,26,Male
11410503,Norm Clarke,15687418212,26,Male
11410520,Shi Yishan,15049514536,26,Male
11410529,Cao Yuanhong,18679830367,26,Male
11410600,Shen Yangchen,13830653355,26,Male
11410703,Melissa Evans,15082681966,26,Female
11410708,Shui Rusi,13979147586,26,Female
11410806,Wu Fanrui,13952606129,26,Male
11410820,Malachi Lewis,13937820660,26,Male
11410826,Rebecca Davies,18695296614,26,Female
11410905,Philemen Brown,15042197811,26,Male
11410907,Cao Zicheng,13973963674,26,Male
11410910,Nancy Wright,13809059908,26,Female
11410915,Xu Dongsi,15618203439,26,Female
11411003,Yu Feiqing,18922745977,26,Female
11411005,Scott Hall,13902218906,26,Male
11411011,He Yuke,13862391062,26,Male
11411014,Yan Conglei,18647979883,26,Female
11411019,Flora Thomas,13802785616,26,Female
11411022,Jing Jishan,18649055055,26,Female
11411124,Zhou Qimei,18932304528,26,Female
11411127,Cao Ruyu,18945455832,26,Male
11411211,Zou Xintao,15052391875,26,Male
11411213,Zou Huasheng,13890220609,26,Male
11411217,Tao Xixia,18913371070,26,Female
11411312,Christopher Walker,15016604133,26,Male
11411314,Theodore Jones,15637550207,26,Male
11411320,Han Hengran,15017659962,26,Male
11411326,Han Peixiang,15054504848,26,Female
11411412,Zheng Anran,18618045550,26,Male
11411425,Fidelia Brown,13968050454,26,Female
11411506,Zhou Yihao,18699556584,26,Male
11411612,Urania Walker,15068229490,26,Female
11411614,Qian  biqin,18603986116,26,Female
11411616,Qi Rufeng,18619187298,26,Female
11411706,Feng Runbin,18651835501,26,Male
11411716,Zhang Mimei,13839866372,26,Female
11411720,Ed Harris,13824150273,26,Male
11411723,Wu Yunzhi,13804242356,26,Male
11411810,Zhang Zhixiang,18648771704,26,Male
11411820,Charlene Hall,15059383162,26,Female
11411829,Wu Mimei,13942881431,26,Female
11411901,Avis Roberts,15005657290,26,Female
11411910,Michael Harris,13846486784,26,Male
11411917,Jiang Yuqiao,15045639100,26,Female
11411929,Gracie Thomas,15616426004,26,Female
11412001,Wu Xiangxing,15069982275,26,Male
11412011,Pat Wilson,15624601488,26,Male
11412101,Qi Xiangling,15600505124,26,Female
11412106,Feng Yixian,13883896077,26,Male
11412110,Xu Qintao,13907947978,26,Male
11412126,Zhao Yankun,15006083021,26,Male
11412215,Jiang Fanrui,13930330234,26,Male
11412302,Jiang Jingjie,15604747830,26,Male
11412311,Mandy Smith,15021347865,26,Female
11412313,Zhu Zicheng,13832687921,26,Male
11412317,Xie Zicheng,18926328538,26,Male
11412326,Yu Ziyun,13941972839,26,Female
11412417,Sun Wenyan,18663855859,26,Female
11412512,Lv Yuanxiang,15044720365,26,Male
11412600,Xie Ercui,18981092712,26,Female
11412615,Zhang Yousong,18677768520,26,Female
11412623,Timothy Wright,18913709126,26,Male
11412713,Bobby Roberts,18699239326,26,Male
11412715,Crystal Brown,15084309768,26,Female
11412816,Zou Moyu,13949270728,26,Male
11412820,Shi Shaohu,18665305291,26,Male
11412900,Faustina Hall,15660705495,26,Female
11412917,Qing Muxue,18636223046,26,Female
11412919,Yan Yusong,13915520945,26,Female
11510005,Yan Ningyang,15649764801,25,Female
11510006,Fiona Wilson,18980108445,25,Female
11510010,Xie Linchuan,13963778907,25,Male
11510013,Yu Xuelu,13930284659,25,Female
11510023,Qing Maoan,13850673191,25,Male
11510024,David Robinson,13976135052,25,Male
11510102,Xu Lvping,18999680234,25,Female
11510105,Wei Mufeng,18698244030,25,Male
11510115,Susan Hall,18972414010,25,Female
11510129,Kong Xumeng,13943189492,25,Male
11510201,Dulcie Patel,18983135639,25,Female
11510209,Dave Jones,18684691080,25,Male
11510305,Agnes Roberts,18601984515,25,Female
11510326,Theo White,13986643179,25,Male
11510400,You Bisong,18644459199,25,Female
11510407,Lv Jingwei,18930958702,25,Male
11510409,Patience Robinson,18693605151,25,Female
11510416,Joseph Davies,13853290517,25,Male
11510426,Zhang Peiling,13851979198,25,Female
11510427,Sean Jackson,18902436646,25,Male
11510516,Qian Shunhang,13904943158,25,Male
11510606,Qian Yuanxiang,18688985462,25,Male
11510629,Jiang Lengrou,15078677864,25,Female
11510803,Vanessa Taylor,15673419018,25,Female
11510812,Zheng Rongchun,13844791357,25,Male
11510816,Persis Wright,15626473469,25,Female
11510826,Yu Kaiyu,13982873533,25,Male
11510902,Chu Yiqing,15056215954,25,Female
11510914,Wu Xiangchen,18662243923,25,Male
11511000,Hortensia Jackson,15698891214,25,Female
11511007,You Jingyun,13979841817,25,Male
11511019,Han  qizhen,15084888189,25,Female
11511127,Kong Youqing,15641123045,25,Female
11511203,Jiang Feiqing,15063346307,25,Female
11511213,Joanne Jones,18658136807,25,Female
11511312,Leila Roberts,15086821816,25,Female
11511317,Otto Clarke,13812729202,25,Male
11511318,Zhou Hanan,13876958194,25,Female
11511403,Florence Johnson,13953574065,25,Female
11511410,Liu Feilei,15665437795,25,Female
11511413,Zhou Shishan,13805315084,25,Female
11511421,Qing Benqing,13935686416,25,Male
11511423,Vincent Roberts,18656005147,25,Male
11511513,Gerald Thompson,15091767921,25,Male
11511523,Feng Zhenming,18910019042,25,Male
11511524,Judy Wright,13872056675,25,Female
11511608,Kong Yuqiao,15099570975,25,Female
11511625,Chen Dongyan,15099875207,25,Female
11511710,You Xiangxing,13848331704,25,Male
11511720,Hua Yuwen,18909695537,25,Female
11511728,Sun Ruyu,18630096502,25,Male
11511814,Sun Chufeng,18980635996,25,Female
11511825,Marshall Roberts,15078634397,25,Male
11511902,Lv Shizhen,15070802434,25,Female
11511906,Shen Zhiteng,13941916164,25,Male
11511914,Shi Binggan,18976035237,25,Male
11511922,Enos White,18638799648,25,Male
11512016,Fran Smith,13982065462,25,Female
11512017,Zou Moyu,13949333244,25,Male
11512104,Zhou Lengrou,15024361112,25,Female
11512115,Undine Taylor,18959715598,25,Female
11512118,Elroy Edwards,13943330557,25,Male
11512202,Patti Jones,13929714055,25,Female
11512206,Li Rufeng,13916883945,25,Female
11512212,Qian Xiaodie,13857683633,25,Female
11512213,Bai Ningzhen,13817326705,25,Female
11512218,Wang Jinbo,15609346411,25,Male
11512220,Yan Yingzhi,18692168525,25,Female
11512308,Jo Roberts,13974570937,25,Female
11512325,Dou Youyi,18697159896,25,Female
11512408,Sonia Wright,18639197649,25,Female
11512413,Chen Chunfu,13822330958,25,Female
11512419,Kong Aonan,13891465941,25,Female
11512503,Zhou Yuyang,13819826633,25,Female
11512521,Yu Yixian,18928820996,25,Male
11512522,Richard Roberts,13950813597,25,Male
11512601,Norman Brown,13924880879,25,Male
11512607,Zhou Zhuodong,13961123893,25,Male
11512702,Xie Wenyan,18968451760,25,Female
11512713,Allen Williams,15078834977,25,Male
11512800,Chen Yueqi,15696096714,25,Male
11512809,Sun Hanxiang,15059741639,25,Female
11512823,Wang Qiuyan,15035025121,25,Female
11512902,Clarence Green,15694718398,25,Male
11512914,Carl Roberts,13959111644,25,Male
11512928,Lynn Brown,13881429811,25,Female
11610012,Chen Xiangman,18950665504,24,Female
11610015,Yan Xiaofeng,15690792395,24,Male
11610016,Eric Lewis,15013323584,24,Male
11610022,Rupert Walker,13837332637,24,Male
11610101,He Benqing,18699338307,24,Male
11610109,Zhao Bandan,15660112160,24,Female
11610219,Li Yingtian,15661798348,24,Female
11610317,Zhou Manrui,13934970262,24,Male
11610318,Mabel Patel,13832293707,24,Female
11610322,Xie Tingqin,13851038298,24,Female
11610326,Leslie Brown,18649276288,24,Female
11610329,Ross Edwards,15082403377,24,Male
11610600,Lenny Harris,18923081948,24,Male
11610603,Wei Yangyang,15661025568,24,Male
11610606,Libby Patel,18921558921,24,Female
11610619,Shui Ruoyan,18637811038,24,Female
11610700,You Yunzhi,15684045816,24,Male
11610717,Jason Evans,13995118915,24,Male
11610802,Xu Zhuyu,18903294883,24,Male
11610803,Andrew Johnson,13909231636,24,Male
11610809,Yan Yuanxiang,15057827326,24,Male
11610812,Hortensia Johnson,13892780356,24,Female
11610829,Kong Yuandong,13957711628,24,Female
11610900,Charlene Edwards,15667741606,24,Female
11610902,Mary Edwards,18654024091,24,Female
11610903,Zhang Miaorui,18672794124,24,Male
11610925,Shui Xiangchen,15083994279,24,Male
11610927,Dustin Clarke,13833246195,24,Male
11611019,Eli White,18657056752,24,Male
11611029,Jiang Jingwen,15647649410,24,Male
11611101,Christian White,13957306066,24,Male
11611103,Amy Thompson,15080247527,24,Female
11611106,Susan Johnson,13861191981,24,Female
11611112,Daniel Green,18604930949,24,Male
11611117,Zou Zhidie,15008520109,24,Female
11611122,Feng Lewen,15001256579,24,Male
11611210,Camilla Thompson,13933012299,24,Female
11611223,Kong Chengjun,13963900648,24,Male
11611225,Li Lewen,13800724495,24,Male
11611227,Hector White,13932852743,24,Male
11611317,Qi Fanrui,15041528785,24,Male
11611408,Tao Yishan,15651274265,24,Female
11611410,Chen Chundie,18987365407,24,Female
11611500,Jing Kaiyu,18649382405,24,Male
11611508,Martina Patel,15636960302,24,Female
11611511,Clare Green,15623523765,24,Female
11611606,Cao Chuling,13910040719,24,Female
11611609,Di Hall,13863451067,24,Female
11611617,Bud Edwards,18667249231,24,Male
11611627,Christine Evans,18690580198,24,Female
11611702,Sid Williams,18621832099,24,Male
11611721,Sophronia Harris,18672443902,24,Female
11611811,Millie Robinson,13976277480,24,Female
11611812,Wang Feifeng,13934358401,24,Female
11611816,Lv Yinghui,15671567687,24,Female
11611819,Tracy Johnson,18930364600,24,Female
11611903,Xie Yuyang,13944671764,24,Female
11611905,Jing Xiaotian,18993374707,24,Female
11612023,Yang Hanzhe,18982417146,24,Male
11612024,Bernie Smith,13970817292,24,Male
11612201,Zhu Tinghan,18936952957,24,Female
11612205,Felix Walker,15097426676,24,Male
11612301,Charlene Wright,15097750967,24,Female
11612314,You Ruoke,13940007283,24,Male
11612315,Amos Walker,13863852369,24,Male
11612410,He Hanwu,15601927407,24,Male
11612421,Yang Nuobo,15087215484,24,Male
11612422,George Smith,18694675683,24,Male
11612426,Joan Johnson,13908204055,24,Female
11612502,Ollie Smith,15077767818,24,Male
11612508,Tel Hughes,15637211321,24,Male
11612514,Yu Shanwei,13909788477,24,Female
11612519,Dou Youqing,18695976535,24,Female
11612520,Montgomery Hughes,13960406694,24,Male
11612521,Ralph Thompson,18998586749,24,Male
11612606,Shen Lisheng,13861013178,24,Male
11612609,Jeanie Wilson,13849533904,24,Female
11612710,Shui Yihan,13962668922,24,Female
11612717,Wei Shiyan,15674552802,24,Female
11612721,Wang Yingtao,15074810279,24,Female
11612727,Zhang Chilv,13830355133,24,Female
11612800,Lindsay Davies,18943286924,24,Female
11612805,Wang Shuliu,15067727199,24,Female
11612806,Sun Nianlan,15652032545,24,Female
11612811,Tao Hanfeng,15609768742,24,Female
11612829,Xu Yishan,15045884000,24,Male
11612902,Yan Panhai,13885393179,24,Female
11612909,Xu Yixian,13935911937,24,Male
11612910,Dou Youtong,13924463586,24,Male
11612913,Sal Walker,15066448396,24,Female
11612918,Han Pingtian,18683156813,24,Female
11710004,Wilfred Smith,18614883720,23,Male
11710008,Nan Brown,13908490013,23,Female
11710012,Jiang Zibin,15612372969,23,Male
11710029,Dottie Walker,18957621651,23,Female
11710100,Zhang  biqin,13913466199,23,Female
11710106,Emlyn Clarke,15608040152,23,Male
11710110,Hilda Harris,13863391481,23,Female
11710128,Candida Jackson,15620472095,23,Female
11710200,Paul Edwards,13880541935,23,Male
11710209,Richard Edwards,13815125118,23,Male
11710213,Wei Youman,15690572094,23,Female
11710215,Jiang Yahe,13945549155,23,Female
11710218,Allson White,15623346768,23,Female
11710304,Jennifer Walker,13947733265,23,Female
11710319,Qing Shiyun,18647249691,23,Female
11710327,Dominic Green,18621769806,23,Male
11710328,Wu Nuobo,18689937217,23,Male
11710512,Matt Thompson,13932324056,23,Male
11710522,Jock Walker,13847306454,23,Male
11710621,Qian Qianqiu,13826275879,23,Female
11710709,Zhang Jiayu,15035685329,23,Male
11710721,Xie Minghan,18653864171,23,Male
11710729,Bai Chutai,15690813331,23,Male
11710803,Pius Hughes,15040270297,23,Male
11710805,Kent Wilson,18677968674,23,Male
11710812,Sun Yankun,18922417437,23,Male
11710818,Ted Taylor,15622407318,23,Male
11710825,Li Cailing,13842545267,23,Female
11710828,Jeff Lewis,13897824252,23,Male
11710900,Hua Cailing,13836235059,23,Female
11710903,Bai Yingtian,13885753171,23,Female
11710914,Liz Jones,18952324673,23,Female
11711021,Evadne Patel,18968189028,23,Female
11711115,Yu Huasheng,15621142637,23,Male
11711122,Yu Miaocui,15694815599,23,Female
11711129,Yan Linghai,18667175067,23,Female
11711207,Xu  menghan,18931198598,23,Female
11711209,Zou Xiaorou,18627930507,23,Female
11711214,Hilda Clarke,15689457853,23,Female
11711218,You Boran,13963049796,23,Male
11711304,Bai Jingping,18603683635,23,Female
11711310,Rick Walker,13845732810,23,Male
11711321,Jiang Yixuan,15612455594,23,Male
11711509,Zhang Binzhu,13993214232,23,Male
11711514,Sadie Hughes,13997748487,23,Female
11711516,Chu Qiuman,15071536983,23,Female
11711517,Chen Hanfeng,13852281965,23,Female
11711521,Olive Wright,13844156177,23,Female
11711603,Isabel Clarke,18907350082,23,Female
11711609,Jim Johnson,18908203198,23,Male
11711701,Carrie Clarke,15656026139,23,Female
11711710,Priscilla Thompson,15659160287,23,Female
11711714,Cao Yanlei,15051467267,23,Female
11711716,Kong Pinglv,15067667014,23,Female
11711721,Zou Lengrou,13825496694,23,Female
11711728,Qi Jiaye,13885966956,23,Male
11711922,Kong Huaibai,18643797214,23,Female
11712016,He Yunshuo,15676339540,23,Male
11712019,Shi Yuzhou,15659504876,23,Male
11712115,Bai Youyi,13820491699,23,Female
11712125,Lester Thompson,13960497825,23,Male
11712128,He Wenyin,18961133099,23,Male
11712200,Victor Lewis,13918098997,23,Male
11712202,Adelina Hughes,13925252488,23,Female
11712215,Moira Roberts,15641994775,23,Female
11712216,Zhu Fanyan,18943927144,23,Female
11712222,Eulalia Brown,15611521923,23,Female
11712312,Anthea Smith,13822403967,23,Female
11712313,Stanley Thomas,18614288867,23,Male
11712325,Benjamin Wilson,15067783063,23,Male
11712400,Qi Gulian,13855733112,23,Female
11712421,Feng Hendong,13993818952,23,Female
11712500,Tao Erqing,15651177344,23,Female
11712501,Jiang Boran,13941181346,23,Male
11712513,Tao Manrui,13825405039,23,Male
11712520,Shen Mengchao,13848720803,23,Male
11712725,Xie Pingning,15014021450,23,Female
11712901,Zheng Lvping,15668995243,23,Female
11712907,Tao Yinghui,15020644976,23,Female
11712922,He Fangqin,13938113424,23,Female
11810002,Wang Wenqiu,13863422390,22,Female
11810008,Qing Jingping,13829205071,22,Female
11810014,He Hanan,15661971857,22,Female
11810021,Julian Clarke,13974711615,22,Male
11810104,Ed Davies,13924863552,22,Male
11810107,Anita Hall,15682226940,22,Female
11810110,Shen Tianfan,15088879110,22,Female
11810112,Murray Edwards,18991801109,22,Male
11810114,Chu Pingning,13949837180,22,Female
11810126,Anne Jones,15665588648,22,Female
11810204,Wei Xiaoshan,15069443206,22,Female
11810206,Shen Yuanchun,15051980900,22,Female
11810208,Li Ningzhen,15653467851,22,Female
11810305,Ned Walker,18920058215,22,Male
11810411,Dou Yishuang,18697569508,22,Female
11810525,Liu Hanshuang,15653974261,22,Female
11810528,Wei Ruichen,18630660033,22,Male
11810625,Katharine Thompson,18622890184,22,Female
11810706,Oz Smith,15087063733,22,Male
11810712,Yan Shilan,15092302621,22,Female
11810719,Kong Xiangzhe,18608114189,22,Male
11810722,Alma Williams,15615781133,22,Female
11810727,Han Yuzhou,18996293617,22,Male
11810907,Zheng Zibin,13818250928,22,Male
11810914,Debby Williams,18643905431,22,Female
11810916,Zhou Yuandong,15024083648,22,Female
11811124,Shi Hongbang,18947053480,22,Male
11811223,Zhao  youhui,18687016162,22,Female
11811304,Zhang Wenke,15085745621,22,Male
11811307,Robin Green,15058014776,22,Female
11811417,Sandra Brown,18929417326,22,Female
11811426,Theobald Robinson,13830333964,22,Male
11811514,Chu Fangqin,15053796611,22,Female
11811615,Padraic Davies,18610106228,22,Male
11811618,Li Jingwen,15051112476,22,Male
11811626,Han Chenjia,18937643936,22,Male
11811718,Jiang Yingzhi,13872012534,22,Female
11811720,Yan Yingwen,15011117135,22,Female
11811816,Wei Yingtian,18950729224,22,Female
11811901,He Qizhen,13961013521,22,Female
11811908,Tao Bochang,15059214621,22,Male
11811911,Bernadette Wright,13829691837,22,Female
11811919,Kong Xiaohuai,18633961030,22,Female
11812006,Sebastian Roberts,13902204580,22,Male
11812007,Louisa Roberts,18966855678,22,Female
11812011,Qian Qianyi,13842183816,22,Female
11812018,Xu Ziyan,18925403340,22,Male
11812022,Natalie Taylor,18990290945,22,Female
11812101,Liu Wenjing,18659494427,22,Male
11812108,Zhao Zhengsong,13872170639,22,Male
11812124,Bai Dongshuang,13815686144,22,Female
11812127,He Wenming,13869683917,22,Male
11812209,Florence Lewis,18638300869,22,Female
11812213,Yu Qizheng,13884540617,22,Male
11812226,Qing Muhao,18979820269,22,Male
11812319,Zheng Manlv,15006794564,22,Female
11812407,Richie Roberts,13913280853,22,Male
11812410,Li Danqing,18673636686,22,Female
11812422,Wei Leqiao,18971543234,22,Female
11812423,Jane Robinson,15070332166,22,Female
11812518,Jing Hanshuang,18935024518,22,Female
11812521,Errol White,15632395694,22,Male
11812628,Zheng Runyi,15613461351,22,Male
11812701,Audrey Wright,18949082118,22,Female
11812708,Graham Hughes,15013857255,22,Male
11812728,Dudley White,15014782427,22,Male
11812801,Mitchell Hughes,18978658432,22,Male
11812802,Hamilton Thomas,15023535195,22,Male
11812821,Teresa Davies,13891982464,22,Female
11812826,Wang Jiaxuan,13951342870,22,Male
11812905,You Xiangxing,13924787705,22,Male
11812908,Jing Ziyan,15688018946,22,Male
11910007,Shi Zhuodong,15648162947,21,Male
11910015,Crystal Walker,13975605074,21,Female
11910017,Al Evans,15639548357,21,Male
11910019,Zheng Biyan,15031117856,21,Female
11910106,Zou Jingye,18631626712,21,Male
11910127,Zhang Runyi,18601703786,21,Male
11910129,Barbara Hall,15001561594,21,Female
11910202,Yang Huanwen,13956409278,21,Female
11910210,Sophia Davies,13951024215,21,Female
11910305,Shen Mengbai,13973701454,21,Female
11910404,Sun Yinger,13906794354,21,Female
11910524,Wu Fanrui,13910481219,21,Male
11910621,Mimi Jackson,13938227972,21,Female
11910706,Poll Jackson,13805244864,21,Female
11910709,Jiang Hanlan,18637953695,21,Female
11910717,Vivian Johnson,15083663048,21,Male
11910723,Hua Wenjing,13841249541,21,Male
11910725,Sun Tianlan,18981600745,21,Female
11910806,Tricia Taylor,18977282386,21,Female
11910808,Zou Banqin,13901142432,21,Female
11910811,Glenda Taylor,15090285509,21,Female
11910910,Hua Boran,15678864028,21,Male
11910916,Joseph Taylor,13982600859,21,Male
11911012,Georgina Smith,15691496587,21,Female
11911015,Lester Lewis,18991507271,21,Male
11911112,Fran Thompson,15600681584,21,Female
11911115,Xu Yingzhi,18664619638,21,Female
11911118,Gene Jackson,18658431890,21,Male
11911120,Phoebe Smith,18912328850,21,Female
11911204,Malcolm Brown,13929836941,21,Male
11911206,Zhou Huanqing,15060104803,21,Female
11911223,Dennis Patel,15077553455,21,Male
11911227,David Jackson,15663811232,21,Male
11911319,Wu Yuke,15697716653,21,Male
11911323,Jasper Wright,15025038804,21,Male
11911402,Rosie Wilson,15006191648,21,Female
11911407,Yang Guqiu,18618885717,21,Female
11911411,Qing Canning,13898229676,21,Male
11911416,Cao Yueqi,15057947264,21,Male
11911424,Rosalind Roberts,15066206015,21,Female
11911428,Zhang Qintao,15098553535,21,Male
11911604,Diana Thompson,13834712519,21,Female
11911609,Chen Gurui,18674936591,21,Female
11911627,Olympia Thomas,13912901670,21,Female
11911700,Lisa Taylor,15685475495,21,Female
11911702,Frieda Thompson,18992126544,21,Female
11911722,Shi Guzhu,18968522668,21,Female
11911729,Bernadette Wilson,18961189437,21,Female
11911800,Sun  biqin,13986404059,21,Female
11911804,Mabel Smith,13860891882,21,Female
11911807,Dan Wright,13988508833,21,Male
11911822,You Shaohu,18985524552,21,Male
11911902,Chu Yiqing,13880989505,21,Female
11911913,Chen Chenjia,15098824410,21,Male
11912012,Bai Hanzhe,18938086436,21,Male
11912109,Yang Jingwen,18946575272,21,Male
11912112,Kong Nianyang,13999858015,21,Female
11912215,Qian Jingxiang,18906077064,21,Male
11912220,Han Anxuan,18686914320,21,Female
11912303,Cherry Lewis,13988771717,21,Female
11912318,Hal Taylor,18999505149,21,Male
11912320,Marcia Wright,15019139646,21,Female
11912404,Cecil Walker,18908106812,21,Male
11912417,Van Hughes,15630507980,21,Male
11912419,Cao Jiashu,13982935548,21,Male
11912423,Lv Yinxiang,15023405921,21,Male
11912507,Qian Xiaofeng,13854197619,21,Female
11912610,Elsa Lewis,13963582437,21,Female
11912616,Sun Haoyan,18610065255,21,Male
11912623,Wei Maoan,18907614854,21,Male
11912706,Dou Huanqing,13977560856,21,Female
11912713,Wei Ruize,18942952860,21,Male
11912728,Chu Youqing,15660300594,21,Female
11912729,Zhou Canqi,15012145938,21,Male
11912900,Qian Yiyu,15064462930,21,Female
11912919,Otto Thomas,15074427557,21,Male
11912925,Edward Thompson,13910781606,21,Male
12010008,Wu Yuanchun,13826019898,20,Female
12010010,Jess White,18628521261,20,Female
12010024,He Hanxiang,18652217119,20,Male
12010114,Qian Jichen,18678743295,20,Male
12010120,Georgie Taylor,15617066125,20,Female
12010126,Jiang Junzhuo,13841436603,20,Male
12010201,Zheng Jiaxuan,15045496448,20,Male
12010216,Xu Jiashu,15683516519,20,Male
12010225,Frankie Wright,13944468545,20,Male
12010313,Juliet Smith,15098059461,20,Female
12010417,Basil White,13903524310,20,Male
12010421,Trudie Lewis,18962375539,20,Female
12010521,Theo Edwards,18942438052,20,Male
12010605,Gracie Davies,13890402716,20,Female
12010703,Archibald Lewis,18960333107,20,Male
12010806,Arnold Wright,13813278638,20,Male
12010902,Burt Robinson,15607919844,20,Male
12010909,Zhu Yueqi,18951255896,20,Male
12010920,Kong Xiaocui,15021189476,20,Female
12011005,Zou Muman,15082906238,20,Female
12011011,He Yihao,15652825716,20,Male
12011017,Kong Yishan,13846951812,20,Male
12011018,Jessica Jones,15625169397,20,Female
12011019,Ray Green,18952408498,20,Male
12011102,Liu Miaorui,13875091436,20,Male
12011115,Xu Bingzhi,15666294015,20,Male
12011126,Stewart Jones,18908287035,20,Male
12011206,Cao Hanming,18618114148,20,Male
12011219,Nora Green,13832927004,20,Female
12011310,Malachi Hughes,15692037530,20,Male
12011319,Bernie Wilson,18641154719,20,Male
12011416,Chen Ruoke,15647985130,20,Male
12011418,Gwendoline Thompson,13979659683,20,Female
12011424,Pam Wright,15681418158,20,Female
12011500,Sun Siyu,18941979727,20,Male
12011508,Yang Xiangheng,13971686381,20,Male
12011517,Marcie Davies,13853910784,20,Female
12011525,Zou Youling,18988482692,20,Female
12011529,Zhang Wanzhi,13934753084,20,Female
12011701,Uerica Hall,15606761479,20,Female
12011702,Darrell Johnson,13913298284,20,Male
12011706,Qian Yukun,13820591356,20,Male
12011708,Micky Patel,18936331523,20,Male
12011723,Poll Robinson,15684292691,20,Female
12011728,Xie Yishuang,15681759413,20,Female
12011802,Qing Mining,18987291370,20,Female
12011818,Wang Yuyang,18685658883,20,Female
12011917,Feng Shuliu,15605980669,20,Female
12011919,Alistair Smith,18957760110,20,Male
12011920,Luke Brown,15653796360,20,Male
12011924,Shi Ningtao,18962441154,20,Female
12012001,Zhao Yuxuan,18908905381,20,Male
12012023,Jing Yishan,15604491880,20,Female
12012028,Dora Thompson,15693789626,20,Female
12012107,Qing Fanyan,15068236084,20,Female
12012116,Jiang Shengxiang,15639234045,20,Male
12012128,Zhao Yihao,15052905135,20,Male
12012220,Fidelia Hall,15028279376,20,Female
12012309,Colin Jones,15041003332,20,Male
12012421,Fidelia Wilson,13909407406,20,Female
12012502,Wei Zibin,15066207398,20,Male
12012601,Shui Huaiyun,13916281841,20,Female
12012613,Xie Tingwei,15638248700,20,Female
12012621,Hua Haonan,18682228818,20,Male
12012629,He Hongbang,18673404616,20,Male
12012712,Zhu Hanxuan,18639347903,20,Female
12012726,Jiang Tingping,15640956081,20,Female
12012809,Chu Wenming,18630883140,20,Male
12012818,Zhou Yanbai,13835332483,20,Female
12012820,Chen Dongyan,13805440014,20,Female
12012922,Patience Hughes,15094646510,20,Female
12110020,Carrie Hughes,13962102137,19,Female
12110129,Dottie Thomas,15085452010,19,Female
12110203,Andrew Davies,18668717910,19,Male
12110225,Eleanor Patel,15058335384,19,Female
12110324,Della Johnson,18988585952,19,Female
12110325,Ivan Harris,13991194384,19,Male
12110421,Lou Green,13891114271,19,Male
12110429,Ray Wilson,18904726351,19,Male
12110502,Zhou Lewen,13987398085,19,Male
12110515,Cheryl White,13848911709,19,Female
12110528,Ronnie Jackson,13870626048,19,Male
12110614,Angelica Harris,13801466057,19,Female
12110704,Milton Smith,15044189671,19,Male
12110710,Sun Jiaxuan,18965536051,19,Male
12110722,Ron Hall,18659430348,19,Male
12110728,Qi Yishan,18606430869,19,Male
12110800,Wu Jiayu,13981604436,19,Male
12110806,Jing Zhidie,18928273520,19,Female
12110809,Lv Qiufeng,15088530748,19,Female
12110813,He Xinyue,13928811240,19,Male
12110824,Feng Ziyu,18660093847,19,Male
12110902,Dou Huaiyu,13955823401,19,Male
12110925,Flora Taylor,15017307252,19,Female
12110927,Han Hanwu,18637769897,19,Male
12111022,Zou Linshan,13809404711,19,Male
12111027,Cao Feilei,13923207645,19,Female
12111028,Mike Evans,15036042990,19,Male
12111107,Maria Harris,18671435981,19,Female
12111112,Stan Thompson,18987756675,19,Male
12111125,Zhou Huiran,18604808591,19,Male
12111202,Tao Ercui,13855084716,19,Female
12111219,Danny Smith,15656054124,19,Male
12111227,Alfred Thomas,18985327914,19,Male
12111228,Shi Tingping,15061819814,19,Female
12111303,Kong Shanwei,18937157948,19,Female
12111307,Lee Lewis,18931182645,19,Male
12111323,Leslie Evans,15086706736,19,Male
12111324,Allson Evans,18668152894,19,Female
12111401,Shen Yuming,15087423983,19,Male
12111414,Jiang Qizhen,15648228450,19,Female
12111519,Zou Youyi,18603455227,19,Female
12111524,Jiang Jiaji,18632801398,19,Male
12111601,Zhao Jiayu,18681271060,19,Male
12111607,Qing Yousong,18919266551,19,Female
12111613,Muriel White,13856749672,19,Female
12111620,Wei Zhuodong,18678923634,19,Male
12111621,Yang Congde,13990246914,19,Male
12111625,Cynthia Patel,18678419999,19,Female
12111627,Zheng Hanxiang,18670303787,19,Female
12111702,Greg Wright,18980924072,19,Male
12111718,Lv Ruoke,13949123975,19,Male
12111726,Chu Jingwen,15646720643,19,Male
12111803,Dou Ruichen,18643572672,19,Male
12111814,Chen Jiashuai,15003660263,19,Male
12111825,Qing Zhuyu,18682004975,19,Male
12111828,Betty Davies,13950195338,19,Female
12111906,Irwin Green,13848256680,19,Male
12111907,Zhang Yilv,18631655364,19,Female
12111922,Shui Nuobo,13913540869,19,Male
12111926,Aggie Smith,15673271314,19,Female
12112001,Benjamin Green,15691335568,19,Male
12112006,Frieda Johnson,18936329960,19,Female
12112013,Shen Zhengsong,18910613781,19,Male
12112114,Jing Qize,18911514543,19,Male
12112115,Shen Jinquan,15086986800,19,Male
12112122,Marcia Hall,15069566546,19,Female
12112203,Zou Jiayu,15028866306,19,Male
12112206,Qian Linghan,13829631725,19,Female
12112210,Lucy Hall,13884091597,19,Female
12112211,Oliver Green,15687147370,19,Male
12112222,Kong Qiaobai,18962148638,19,Female
12112300,Elsa Jones,13877433063,19,Female
12112312,Wang Linglian,18969987402,19,Female
12112329,Sun Hanxuan,18644716340,19,Female
12112400,Felix Thomas,18928363418,19,Male
12112420,He Ruoyun,15621794465,19,Female
12112505,Maureen Williams,15075333888,19,Female
12112511,Bertran Hughes,15686864496,19,Male
12112604,Marilyn Hall,15662126431,19,Female
12112609,Wang Fanzhen,15057996011,19,Female
12112613,Mimi Green,18987624415,19,Female
12112619,He Hanwu,13805699635,19,Male
12112622,Jiang Zhenming,13911532865,19,Male
12112707,Jing Chutai,15670838760,19,Male
12112727,Polly Walker,15662365107,19,Female
12112802,Shen Shitong,13826123601,19,Female
12112825,Qian Huahong,15036808740,19,Male
12112827,Dou Youtong,13901526703,19,Male
12112900,Wang Zhengsong,13921608724,19,Male
12112902,Qi Binzhu,15651555135,19,Male
12112920,Qian Banxiang,18620119860,19,Female
12210019,Yang Zhengkai,18974863624,18,Male
12210020,Joseph Davies,13855475664,18,Male
12210022,Qi Yilang,15042022862,18,Male
12210029,Zhang Benqing,13960918549,18,Male
12210114,Wang Chumei,18605924146,18,Female
12210120,Corinna Smith,18958346054,18,Female
12210311,Sylvia Smith,13808932915,18,Female
12210320,Qian Yupeng,18977785520,18,Male
12210416,Tao Yibo,13866742389,18,Female
12210427,Miranda Williams,18614818998,18,Female
12210428,Auberon Smith,18653845605,18,Male
12210502,Jing Jiaji,18971995428,18,Male
12210508,Allson Edwards,15680720535,18,Female
12210516,Bai Xuelu,13816578955,18,Female
12210519,Shui Zuirou,18687389223,18,Female
12210524,Robby Jackson,15606709103,18,Male
12210529,Moira Hughes,15034261239,18,Female
12210612,Jing Manyun,18602368649,18,Female
12210614,Yan Shumeng,15660589740,18,Female
12210703,Karen Taylor,13876720290,18,Female
12210722,Qi Yinxiang,15076744537,18,Male
12210804,Yu Haonan,18620772002,18,Male
12210821,Wei Bingzhi,13808031042,18,Male
12210904,Shen Yuzhou,15633087233,18,Male
12210911,He Chilv,18679946737,18,Female
12210916,Qian Yuyang,18693379558,18,Female
12210926,Chen Yuanjun,18686339281,18,Male
12210929,Trevor Evans,18622164699,18,Male
12211000,Feng Ermei,15086534755,18,Female
12211001,Zhang Yunzhi,18934670692,18,Male
12211003,Qian Nandie,13877463593,18,Female
12211014,Edmund Clarke,15683948868,18,Male
12211025,Hamilton Edwards,18676194473,18,Male
12211105,Zheng Bochang,13972571291,18,Male
12211106,Benjamin Davies,13866484683,18,Male
12211220,Patrick Johnson,15059073373,18,Male
12211226,Hedwig Williams,15695281764,18,Female
12211320,Vivien Johnson,15665186413,18,Female
12211322,Qian Yuyang,18917509086,18,Female
12211323,Qian Jiaxuan,13857780312,18,Male
12211326,Yan Jiaye,13857113998,18,Male
12211403,Chu Yingzhi,13892297977,18,Female
12211404,Kong Ningbai,15036461258,18,Female
12211405,Li Jingwen,13968175165,18,Male
12211415,Shi Tianlan,15064950347,18,Female
12211417,Zhu Wenlu,18687277158,18,Male
12211502,Camilla Smith,13888156877,18,Female
12211508,Leonard Clarke,18904797951,18,Male
12211518,Gracie Williams,15654771734,18,Female
12211522,Steven Edwards,15673757797,18,Male
12211603,Tommy Harris,18981774268,18,Male
12211614,Wayne Taylor,15070303753,18,Male
12211619,Qi Guqiu,18600565512,18,Female
12211621,Jing Muhua,15023695830,18,Male
12211623,Abe Harris,18976184464,18,Male
12211711,Zhou Leqiao,18664254367,18,Female
12211718,Xie Zhenming,15691537032,18,Male
12211729,Shen Haifeng,15620510105,18,Female
12211817,Han Siyu,15697295343,18,Male
12211905,Chu Guqiu,15629576611,18,Female
12211913,Adolf Davies,15075997121,18,Male
12211926,Zhou Miyan,15014782909,18,Female
12212006,Karl Hughes,13894495130,18,Male
12212007,Florrie Williams,15091345681,18,Female
12212008,Zheng Rusi,15694603232,18,Female
12212027,Henry Lewis,15672327497,18,Male
12212108,Ozzie Smith,13900350627,18,Male
12212110,Han Leqiao,15041556592,18,Female
12212112,Liu Mengbai,18644263375,18,Female
12212123,Basil White,18908173824,18,Male
12212215,Sally Thomas,13896412880,18,Female
12212302,Xu Hanxuan,18937114201,18,Female
12212407,Hannah Jackson,15686777514,18,Female
12212423,Wu Ruoyan,18676352982,18,Female
12212516,Qing Pingning,15036759293,18,Female
12212519,Zheng Jingyun,13913682824,18,Male
12212520,Zhu Yunzhi,15071044773,18,Male
12212523,Mignon Walker,18924870480,18,Female
12212528,Chu Guqiu,18974814682,18,Female
12212618,Jessy Clarke,15622821239,18,Male
12212622,Qing  zixue,15657449973,18,Female
12212700,Phil Robinson,15630709639,18,Male
12212709,Chen Nianer,15697366927,18,Female
12212719,Bai Zibin,13978258053,18,Male
12212801,Jode Brown,13911518558,18,Female
12212815,Qi Lvwei,13983501780,18,Female
12212915,Miranda Roberts,18939713565,18,Female
12212927,Jing Yingtian,15669666192,18,Female
